{
  "" : {
    "transaction" : "",
    "sampleCount" : 20,
    "errorCount" : 20,
    "errorPct" : 100.0,
    "meanResTime" : 1999.6999999999998,
    "medianResTime" : 1225.0,
    "minResTime" : 874.0,
    "maxResTime" : 4283.0,
    "pct1ResTime" : 4224.1,
    "pct2ResTime" : 4280.2,
    "pct3ResTime" : 4283.0,
    "throughput" : 0.044954225360027154,
    "receivedKBytesPerSec" : 0.16048087745590553,
    "sentKBytesPerSec" : 0.3072164737006543
  },
  "-1" : {
    "transaction" : "-1",
    "sampleCount" : 20,
    "errorCount" : 0,
    "errorPct" : 0.0,
    "meanResTime" : 305.0,
    "medianResTime" : 237.0,
    "minResTime" : 74.0,
    "maxResTime" : 1256.0,
    "pct1ResTime" : 968.5000000000009,
    "pct2ResTime" : 1243.6,
    "pct3ResTime" : 1256.0,
    "throughput" : 0.04526433238504557,
    "receivedKBytesPerSec" : 0.012376965886535899,
    "sentKBytesPerSec" : 0.02192491099900645
  },
  "-2" : {
    "transaction" : "-2",
    "sampleCount" : 20,
    "errorCount" : 0,
    "errorPct" : 0.0,
    "meanResTime" : 318.15000000000003,
    "medianResTime" : 161.5,
    "minResTime" : 54.0,
    "maxResTime" : 1889.0,
    "pct1ResTime" : 1032.3000000000006,
    "pct2ResTime" : 1847.9499999999994,
    "pct3ResTime" : 1889.0,
    "throughput" : 0.04509298172832381,
    "receivedKBytesPerSec" : 0.01233011219133854,
    "sentKBytesPerSec" : 0.02184191302465684
  },
  "-3" : {
    "transaction" : "-3",
    "sampleCount" : 20,
    "errorCount" : 20,
    "errorPct" : 100.0,
    "meanResTime" : 192.8,
    "medianResTime" : 180.0,
    "minResTime" : 21.0,
    "maxResTime" : 790.0,
    "pct1ResTime" : 440.8000000000003,
    "pct2ResTime" : 773.2999999999997,
    "pct3ResTime" : 790.0,
    "throughput" : 0.045072250818061356,
    "receivedKBytesPerSec" : 0.010079634216148485,
    "sentKBytesPerSec" : 0.021699823880179926
  },
  "-4" : {
    "transaction" : "-4",
    "sampleCount" : 20,
    "errorCount" : 0,
    "errorPct" : 0.0,
    "meanResTime" : 362.3,
    "medianResTime" : 130.5,
    "minResTime" : 51.0,
    "maxResTime" : 1833.0,
    "pct1ResTime" : 1750.7000000000007,
    "pct2ResTime" : 1830.85,
    "pct3ResTime" : 1833.0,
    "throughput" : 0.045080683152672496,
    "receivedKBytesPerSec" : 0.012333352915255077,
    "sentKBytesPerSec" : 0.021703883588151895
  },
  "-5" : {
    "transaction" : "-5",
    "sampleCount" : 20,
    "errorCount" : 0,
    "errorPct" : 0.0,
    "meanResTime" : 54.5,
    "medianResTime" : 31.0,
    "minResTime" : 26.0,
    "maxResTime" : 244.0,
    "pct1ResTime" : 115.7,
    "pct2ResTime" : 237.5999999999999,
    "pct3ResTime" : 244.0,
    "throughput" : 0.04507651738826658,
    "receivedKBytesPerSec" : 0.012809830624985913,
    "sentKBytesPerSec" : 0.02170187800040569
  },
  "-6" : {
    "transaction" : "-6",
    "sampleCount" : 20,
    "errorCount" : 0,
    "errorPct" : 0.0,
    "meanResTime" : 151.9,
    "medianResTime" : 108.0,
    "minResTime" : 30.0,
    "maxResTime" : 1119.0,
    "pct1ResTime" : 227.10000000000005,
    "pct2ResTime" : 1074.4999999999993,
    "pct3ResTime" : 1119.0,
    "throughput" : 0.04506798505545616,
    "receivedKBytesPerSec" : 0.012138428006147273,
    "sentKBytesPerSec" : 0.022137887190326607
  },
  "-7" : {
    "transaction" : "-7",
    "sampleCount" : 20,
    "errorCount" : 0,
    "errorPct" : 0.0,
    "meanResTime" : 49.05,
    "medianResTime" : 30.0,
    "minResTime" : 25.0,
    "maxResTime" : 262.0,
    "pct1ResTime" : 107.00000000000003,
    "pct2ResTime" : 254.2999999999999,
    "pct3ResTime" : 262.0,
    "throughput" : 0.045078244563000226,
    "receivedKBytesPerSec" : 0.012687060627985025,
    "sentKBytesPerSec" : 0.022142926772645618
  },
  "-8" : {
    "transaction" : "-8",
    "sampleCount" : 20,
    "errorCount" : 0,
    "errorPct" : 0.0,
    "meanResTime" : 33.55,
    "medianResTime" : 30.0,
    "minResTime" : 25.0,
    "maxResTime" : 93.0,
    "pct1ResTime" : 42.20000000000002,
    "pct2ResTime" : 90.49999999999997,
    "pct3ResTime" : 93.0,
    "throughput" : 0.04507834616563587,
    "receivedKBytesPerSec" : 0.012687089223570565,
    "sentKBytesPerSec" : 0.022142976680971527
  },
  "-9" : {
    "transaction" : "-9",
    "sampleCount" : 20,
    "errorCount" : 0,
    "errorPct" : 0.0,
    "meanResTime" : 37.150000000000006,
    "medianResTime" : 30.0,
    "minResTime" : 27.0,
    "maxResTime" : 111.0,
    "pct1ResTime" : 74.50000000000006,
    "pct2ResTime" : 109.29999999999998,
    "pct3ResTime" : 111.0,
    "throughput" : 0.045078244563000226,
    "receivedKBytesPerSec" : 0.012687060627985025,
    "sentKBytesPerSec" : 0.022142926772645618
  },
  "-10" : {
    "transaction" : "-10",
    "sampleCount" : 20,
    "errorCount" : 0,
    "errorPct" : 0.0,
    "meanResTime" : 70.95000000000002,
    "medianResTime" : 67.0,
    "minResTime" : 65.0,
    "maxResTime" : 94.0,
    "pct1ResTime" : 89.30000000000001,
    "pct2ResTime" : 93.8,
    "pct3ResTime" : 94.0,
    "throughput" : 0.04507509510845068,
    "receivedKBytesPerSec" : 0.010168307587941511,
    "sentKBytesPerSec" : 0.022141379726123723
  },
  "-11" : {
    "transaction" : "-11",
    "sampleCount" : 20,
    "errorCount" : 0,
    "errorPct" : 0.0,
    "meanResTime" : 137.55,
    "medianResTime" : 66.5,
    "minResTime" : 65.0,
    "maxResTime" : 773.0,
    "pct1ResTime" : 699.4000000000015,
    "pct2ResTime" : 772.8,
    "pct3ResTime" : 773.0,
    "throughput" : 0.045075196696889586,
    "receivedKBytesPerSec" : 0.010168330504864742,
    "sentKBytesPerSec" : 0.022141429627476037
  },
  "-12" : {
    "transaction" : "-12",
    "sampleCount" : 20,
    "errorCount" : 0,
    "errorPct" : 0.0,
    "meanResTime" : 83.95,
    "medianResTime" : 67.0,
    "minResTime" : 65.0,
    "maxResTime" : 236.0,
    "pct1ResTime" : 208.7000000000003,
    "pct2ResTime" : 235.35,
    "pct3ResTime" : 236.0,
    "throughput" : 0.045075501464953795,
    "receivedKBytesPerSec" : 0.010168399256254226,
    "sentKBytesPerSec" : 0.022141579332882577
  },
  "-13" : {
    "transaction" : "-13",
    "sampleCount" : 20,
    "errorCount" : 0,
    "errorPct" : 0.0,
    "meanResTime" : 109.80000000000001,
    "medianResTime" : 103.0,
    "minResTime" : 100.0,
    "maxResTime" : 213.0,
    "pct1ResTime" : 122.50000000000001,
    "pct2ResTime" : 208.49999999999994,
    "pct3ResTime" : 213.0,
    "throughput" : 0.04507123508705509,
    "receivedKBytesPerSec" : 0.010167436821396217,
    "sentKBytesPerSec" : 0.022139483641395223
  },
  "-14" : {
    "transaction" : "-14",
    "sampleCount" : 20,
    "errorCount" : 0,
    "errorPct" : 0.0,
    "meanResTime" : 93.05,
    "medianResTime" : 67.5,
    "minResTime" : 64.0,
    "maxResTime" : 340.0,
    "pct1ResTime" : 277.30000000000047,
    "pct2ResTime" : 337.95,
    "pct3ResTime" : 340.0,
    "throughput" : 0.04507560305522437,
    "receivedKBytesPerSec" : 0.010168422173590654,
    "sentKBytesPerSec" : 0.02214162923513463
  },
  "Total" : {
    "transaction" : "Total",
    "sampleCount" : 280,
    "errorCount" : 20,
    "errorPct" : 7.142857,
    "meanResTime" : 142.8357142857142,
    "medianResTime" : 67.0,
    "minResTime" : 21.0,
    "maxResTime" : 1889.0,
    "pct1ResTime" : 241.0,
    "pct2ResTime" : 494.94999999999953,
    "pct3ResTime" : 1798.1699999999998,
    "throughput" : 0.6294511186245594,
    "receivedKBytesPerSec" : 0.16050432733593806,
    "sentKBytesPerSec" : 0.30726136496475076
  }
}